Tag,0,1,2,3,4,5,6,7,8,9
0,0.125668094,0.143964171,0.177681118,0.203154802,0.280356227,0.077841568,9.972925577,24.31506701,0.721141905,0.721141905
0,0.077552684,0.072579503,0.109651156,0.096911997,0.25623423,0.180502917,10.60780347,17.40419387,0.741663018,0.741663018
0,0.006422794,0.024687881,0.00908114,0.034883846,0.010692503,0.007998513,4.421556421,8.887453036,0.709308879,0.709308879
0,0.04129035,0.066014715,0.058380082,0.100250304,0.009664483,0.007594049,7.725628923,17.17261369,0.807818937,0.807818937
0,0.052610822,0.042615511,0.074386023,0.0582866,0.061118672,0.007202315,9.362069701,16.06443279,0.782496145,0.782496145
0,0.005516537,0.01955804,0.007799781,0.028403889,0.010652875,0.007725862,4.810731966,8.887453036,0.675469527,0.675469527
1,0.670801461,0.435696185,0.94844085,0.881121516,0.312915913,0.008753441,34.85681641,25.13806498,0.627061731,0.627061731
0,0.03008808,0.077974096,0.042541295,0.138497859,0.0093395,0.128049152,7.578868825,19.68672502,0.893042216,0.893042216
0,0.054221276,0.064744748,0.076663017,0.091085829,0.105335657,0.093236643,9.058077119,24.23979799,0.871402332,0.871402332
0,0.007231186,0.035478961,0.010224106,0.069790766,0.010692457,0.007710339,5.286149354,10.21651894,0.668183842,0.668183842
0,0.044929687,0.101272933,0.063525714,0.181786314,0.149574032,0.158670034,8.549338455,19.98635248,0.695131787,0.695131787
0,0.018862428,0.071924418,0.026669422,0.113020822,0.009931521,0.120406898,6.392739432,16.79325716,0.713757575,0.713757575
0,0.007196097,0.0374595,0.010174508,0.067782238,0.086651651,0.007937136,5.107471628,9.108338041,0.687582558,0.687582558
0,0.058114197,0.060290668,0.082167193,0.124660395,0.009611084,0.126164369,8.99568626,18.94357947,0.827497515,0.827497515
0,0.036963362,0.071136378,0.052262187,0.110865846,0.042047609,0.130238575,8.426526813,16.13060214,0.772351912,0.772351912
0,0.042032581,0.056746345,0.059429526,0.117135242,0.126742963,0.199933022,8.683393873,16.13060214,0.691564386,0.691564386
0,0.072929561,0.089609124,0.103114508,0.24025248,0.16915334,0.007473917,9.962035641,18.94026619,0.775613785,0.775613785
0,0.052071683,0.115170732,0.073623724,0.244355097,0.074414382,0.007164309,9.530539368,19.69048089,0.878690117,0.878690117
0,0.107432656,0.093097657,0.151898161,0.265123904,0.190742634,0.00857253,9.836301896,17.46074987,0.696303713,0.696303713
0,0.448010564,0.212044448,0.633438468,0.362279385,0.22264657,0.007557608,24.95018521,21.31281085,0.705348273,0.705348273
0,0.026939293,0.030964056,0.038089249,0.056677185,0.009177869,0.006283295,3.826493135,12.37156646,0.938403758,0.938403758
0,0.036966302,0.040986083,0.052266341,0.060596451,0.011520412,0.138053438,4.065097699,7.783235885,0.664484107,0.664484107
0,0.047311027,0.0482473,0.066892684,0.105895236,0.010733066,0.009028465,5.411062417,10.29779761,0.725278426,0.725278426
0,0.049116883,0.048254151,0.06944596,0.094290145,0.01348624,0.012759704,3.876518186,5.913079215,0.70429584,0.70429584
0,0.426639438,0.246250689,0.603222013,0.391128123,0.011434972,0.138117845,24.08977306,15.87546029,0.616725545,0.616725545
0,0.029096413,0.032586485,0.041139185,0.076928563,0.335574786,0.122342176,6.693063061,9.625752906,0.796893627,0.796893627
0,0.034130488,0.042717475,0.048256803,0.066725284,0.075959409,0.116843167,7.211442232,12.36262717,0.735389453,0.735389453
0,0.018802598,0.031937603,0.026584834,0.092062749,0.333076019,0.116750428,5.744240523,8.370246045,0.738695145,0.738695145
0,0.056322664,0.064512342,0.079634145,0.156023517,0.011259803,0.230338019,8.911198604,10.73890935,0.78662819,0.78662819
0,0.057775162,0.043799926,0.081687838,0.096597202,0.122193329,0.141012485,9.555546845,11.5890607,0.636940884,0.636940884
0,0.125831246,0.10910666,0.166793048,0.153965697,0.263077865,0.238936714,10.28797077,22.72172715,0.692659791,0.692659791
0,0.076072626,0.04731749,0.100836523,0.063180804,0.240861333,0.088818614,10.92002404,15.68014873,0.707925039,0.707925039
0,0.006788855,0.02451282,0.008998796,0.034636475,0.011684309,0.008343459,5.066657232,9.97869921,0.68316733,0.68316733
0,0.038216256,0.039672922,0.050656784,0.060247496,0.010655259,0.007938853,8.025741157,15.44545258,0.760930184,0.760930184
0,0.050829519,0.025531981,0.06737604,0.034920901,0.086483971,0.007546984,9.657096804,14.31606424,0.740208482,0.740208482
0,0.005837292,0.019422123,0.007737503,0.028206505,0.011644641,0.080347588,5.453524603,9.97869921,0.669137719,0.669137719
1,0.718091011,0.432990253,0.951850891,0.875649214,0.394974083,0.389618643,37.46537877,28.4975362,0.589981807,0.589981807
0,0.022991467,0.040053494,0.030475885,0.071143128,0.010329951,0.065942907,6.881395918,15.42496877,0.839793999,0.839793999
0,0.018778142,0.031551696,0.024890983,0.044388361,0.009842377,0.049407789,6.356489845,19.05130175,0.836418263,0.836418263
0,0.007133501,0.034365743,0.009455675,0.067600943,0.011684264,0.077718522,5.468399967,10.8699196,0.671818674,0.671818674
0,0.029869573,0.043944955,0.039593019,0.078881785,0.010921415,0.078859284,7.435374697,13.62204419,0.686786444,0.686786444
0,0.008506041,0.031216985,0.011275006,0.049053855,0.010922564,0.061347371,5.609997917,12.45516004,0.699092817,0.699092817
0,0.007039053,0.036364846,0.009330485,0.065801479,0.093792854,0.080289594,5.289480089,9.74053126,0.672427397,0.672427397
0,0.054581907,0.040029515,0.072349899,0.082767271,0.010601807,0.063898734,8.437937307,15.42844057,0.774851892,0.774851892
0,0.031830903,0.032330781,0.042192772,0.050387423,0.058004505,0.065931956,7.807283463,10.8904034,0.736991851,0.736991851
0,0.036144022,0.023230471,0.047909975,0.047952108,0.186070714,0.097533129,7.609340182,10.43455131,0.682466788,0.682466788
0,0.065298453,0.043213993,0.086555034,0.115861729,0.253724869,0.00781868,9.357248431,12.73429559,0.736678706,0.736678706
0,0.042582903,0.054139562,0.056444883,0.114866666,0.106517809,0.007508965,8.530534031,13.18667589,0.828366791,0.828366791
0,0.078017421,0.065011337,0.103414401,0.185139611,0.012308843,0.008917675,8.526282747,12.25795969,0.678245695,0.678245695
0,0.47620821,0.177591413,0.631228149,0.303416163,0.206364759,0.132824684,26.3120339,17.31723298,0.661143248,0.661143248
0,0.012583506,0.012190333,0.016679814,0.022313416,0.010168157,0.006627645,2.1160674,5.719797599,0.87732993,0.87732993
0,0.020987198,0.029195966,0.027819131,0.043165181,0.01251305,0.070508717,2.447993576,4.808093405,0.6767466,0.6767466
0,0.034327064,0.034481429,0.045501567,0.075681321,0.011724913,0.009373769,3.915918386,7.087353889,0.697707685,0.697707685
0,0.02378588,0.026053742,0.031528905,0.050909836,0.014480858,0.013106314,2.69425888,2.735112581,0.686846998,0.686846998
0,0.458149433,0.203626961,0.607290626,0.323427379,0.012427524,0.070590162,25.80886331,12.69933933,0.602559218,0.602559218
0,0.021303575,0.028756043,0.028238527,0.067885876,0.465767141,0.062776886,6.105214002,9.522847113,0.747320545,0.747320545
0,0.021206893,0.027122302,0.028110364,0.042365398,0.091162688,0.059918972,5.932106983,10.19638336,0.707452684,0.707452684
0,0.014154885,0.028989313,0.018762719,0.083564058,0.42291525,0.060372096,5.313484855,8.393458772,0.703580373,0.703580373
0,0.054520883,0.041548051,0.072269037,0.1004842,0.012252179,0.111726595,8.79247376,9.761015062,0.743824588,0.743824588
0,0.050902922,0.038447674,0.067473322,0.084793225,0.132437228,0.071309453,8.539360082,11.07503363,0.646335722,0.646335722
1,0.403806776,0.677460909,0.654877424,0.955997825,0.477652774,0.273058385,25.38461644,54.44943414,0.642870805,0.642870805
0,0.473736465,0.708088398,0.768286586,0.945477068,0.427998622,0.005909288,27.97122654,61.77309371,0.637827829,0.637827829
0,0.433264136,0.671598315,0.702650249,0.948964894,0.008013405,0.006397317,21.50369987,54.59871743,0.657374735,0.657374735
0,0.063987143,0.035288252,0.103771761,0.053588931,0.006988159,0.005993504,11.39121695,21.03878002,0.681951947,0.681951947
0,0.056456484,0.017291395,0.091558844,0.023649998,0.00687616,0.005602401,13.04420395,17.79920035,0.667091349,0.667091349
0,0.102630541,0.117582269,0.166442037,0.170763224,0.007973884,0.081934434,19.44370452,20.7026293,0.673262181,0.673262181
0,0.082303904,0.025223449,0.133477136,0.051010143,0.118746152,0.007151028,13.40621513,9.788443019,0.665119619,0.665119619
0,0.080670297,0.104566611,0.130827829,0.18573162,0.296954953,0.007301284,16.46906755,25.15991937,0.725336176,0.725336176
0,0.188519418,0.089206323,0.305733174,0.125499532,0.205337625,0.006586642,24.73428548,33.93677359,0.686654502,0.686654502
0,0.029944474,0.021292327,0.048562735,0.041884206,0.00801336,0.006109607,8.962211689,12.34912792,0.700686022,0.700686022
0,0.0860456,0.105239972,0.139545307,0.188907191,0.007253332,0.005491319,16.28621808,19.60349136,0.657534126,0.657534126
0,0.104954623,0.111289978,0.170211166,0.174879268,0.007254477,0.005296558,18.58868085,23.20090939,0.636256819,0.636256819
0,0.014262432,0.018406637,0.023130238,0.033306446,0.00810489,0.006336039,6.529624737,9.853719698,0.684609438,0.684609438
0,0.134517074,0.042089853,0.218154386,0.087027371,0.006934904,0.005118806,18.42832226,22.49310445,0.659949308,0.659949308
0,0.045305733,0.021331012,0.073474944,0.033244304,0.007207665,0.005425478,10.951742,13.59676459,0.663925363,0.663925363
0,0.03089587,0.010945306,0.05010568,0.022593196,0.0076651,0.006240669,9.044026312,10.37745376,0.667837038,0.667837038
0,0.091393337,0.034774736,0.148218036,0.093235105,0.007025195,0.09223455,14.90747933,16.11263803,0.665967907,0.665967907
0,0.080491565,0.051621325,0.130537972,0.109523781,0.006661637,0.005564457,13.84455215,19.50345407,0.718506281,0.718506281
0,0.090057708,0.055727631,0.146051913,0.15870139,0.183950308,0.148502047,11.76692727,13.60909161,0.645403989,0.645403989
0,0.08332435,0.007930471,0.135132059,0.013549269,0.152498532,0.005957123,13.15260319,5.789761365,0.668633816,0.668633816
0,0.080166906,0.066044807,0.130011439,0.120889634,0.152792916,0.099936028,12.0125934,17.25780159,0.742026906,0.742026906
0,0.073742799,0.047910385,0.119593099,0.070833802,0.008839077,0.14990946,7.118212719,10.22542522,0.68514388,0.68514388
0,0.079646036,0.037043728,0.129166722,0.081305169,0.008053859,0.113173492,9.905733577,10.69232458,0.651281942,0.651281942
0,0.002394463,0.002280684,0.003883251,0.004456537,0.010799576,0.011150798,2.287522701,0.606190832,0.696103705,0.696103705
0,0.052699868,0.007084012,0.085466504,0.011251775,0.008753867,0.007378302,8.322843615,2.515893657,0.692722998,0.692722998
0,0.035401978,0.023533249,0.057413489,0.055556148,0.085256729,0.006295421,7.944578151,11.9687224,0.675433536,0.675433536
0,0.029891875,0.018956197,0.048477404,0.029609848,0.033749527,0.06972472,7.518248192,11.54979584,0.663349449,0.663349449
0,0.089692518,0.10247685,0.145459652,0.295397967,0.124903464,0.006619357,14.53101115,15.62221005,0.656044689,0.656044689
0,0.0496612,0.016845502,0.080538519,0.040740956,0.008579172,0.008175768,9.768914427,8.456651462,0.688835203,0.688835203
0,0.018404717,0.020145232,0.029848022,0.044428673,0.007973914,0.081840419,6.845343932,10.80589415,0.687083935,0.687083935
0,0.402580857,0.639215708,0.613957703,0.902028263,0.214252335,0.160114603,30.36386972,50.35873322,0.667693785,0.667693785
1,0.543814003,0.727017522,0.829345703,0.970752418,0.363928136,0.541707754,37.69474137,72.6215532,0.651055181,0.651055181
0,0.481838584,0.664610803,0.734829903,0.939091504,0.402191929,0.579573295,33.64509372,59.14134315,0.704324668,0.704324668
0,0.048899479,0.009091733,0.074574359,0.013806751,0.005945263,0.33222367,13.75181044,14.36223889,0.666374785,0.666374785
0,0.098184451,0.044010777,0.149736628,0.060194951,0.005833382,0.347443763,18.41045592,28.40073465,0.660269187,0.660269187
0,0.130130738,0.119172111,0.198456407,0.173072129,0.006929952,0.303203034,31.15022859,23.30398723,0.751842046,0.751842046
0,0.073557317,0.015483506,0.112178892,0.03131276,0.139387248,0.006445965,18.12146717,8.699419247,0.689076991,0.689076991
0,0.088789016,0.093977407,0.135408044,0.166923046,0.232315872,0.156311254,22.24284518,24.52815798,0.671021025,0.671021025
0,0.233785063,0.140809864,0.356534898,0.198097676,0.218924558,0.166139072,34.49347616,54.32096523,0.636278116,0.636278116
0,0.054126147,0.027505599,0.082545325,0.054106351,0.174153531,0.14533588,16.85972626,15.0021509,0.783025627,0.783025627
0,0.096932761,0.098291248,0.1478277,0.1764341,0.006210158,0.168075338,23.03737524,19.95248281,0.681544828,0.681544828
0,0.194520488,0.164997429,0.296654254,0.259274244,0.006211301,0.235083073,31.34939064,37.41948052,0.65996197,0.65996197
0,0.051417902,0.040346637,0.078415103,0.073006451,0.12431931,0.142787349,15.06244249,15.98308449,0.736646299,0.736646299
0,0.085606232,0.019543367,0.13055414,0.040408965,0.005892064,0.156081032,20.38302097,17.59727843,0.65618734,0.65618734
0,0.1053968,0.079295784,0.160735816,0.123582236,0.006164539,0.153615499,18.08811852,29.40548907,0.663241815,0.663241815
0,0.034827583,0.01047825,0.053113963,0.021629104,0.006621493,0.095607362,12.90231099,10.81584756,0.704951308,0.704951308
0,0.118459985,0.06933593,0.180657864,0.185897738,0.00598226,0.236216403,18.46165455,21.9452014,0.664064482,0.664064482
0,0.046863992,0.012014619,0.071470127,0.025491148,0.005619083,0.253577676,14.23432644,12.32214078,0.676021075,0.676021075
0,0.057776917,0.024001403,0.088112906,0.068351321,0.115762171,0.139983106,11.27101369,9.581652262,0.722384485,0.722384485
0,0.095513679,0.009096989,0.145663574,0.015542272,0.16057099,0.232849351,18.79782829,6.458314374,0.683540751,0.683540751
0,0.083420582,0.062383,0.127220899,0.114187017,0.122114473,0.164093288,16.92514077,17.26557998,0.676060827,0.676060827
0,0.055638246,0.031466912,0.08485131,0.046522714,0.007794235,0.102667212,7.776441453,7.508288832,0.801797399,0.801797399
0,0.059652202,0.02247165,0.090972826,0.049321741,0.007009843,0.22974172,11.31433485,8.0417534,0.692394922,0.692394922
0,0.00249613,0.00684272,0.003806739,0.013370902,0.009752666,0.083496586,4.575045403,1.203850236,0.752333868,0.752333868
0,0.042704266,0.008636936,0.065126285,0.013718329,0.007709115,0.202885669,10.32932876,2.930879812,0.777443774,0.777443774
0,0.038115568,0.019582072,0.058128312,0.046228383,0.099080576,0.178131294,12.3622896,11.45572972,0.668515102,0.668515102
0,0.03837261,0.017240534,0.058520302,0.02692995,0.03758286,0.13851674,12.05742961,11.64754341,0.68407526,0.68407526
0,0.091212988,0.095793933,0.139104694,0.276133895,0.146920168,0.174140223,20.94468973,14.75064435,0.685312282,0.685312282
0,0.039002348,0.008828172,0.059480686,0.021350987,0.007534604,0.121705599,11.85953891,6.960060027,0.684235496,0.684235496
0,0.020744491,0.019775564,0.031636469,0.043613408,0.006929982,0.173440402,11.23732076,10.91664499,0.778737196,0.778737196
0,0.040436655,0.02075349,0.065338448,0.02928625,0.006166141,0.005394073,10.99281243,19.46563414,0.662887388,0.662887388
0,0.083992898,0.038921386,0.13571766,0.051969901,0.006099377,0.159143305,16.73398219,28.46332159,0.648634314,0.648634314
0,0.184191406,0.08573439,0.297620624,0.121142238,0.006969449,0.43320486,25.00922645,39.29466981,0.624078121,0.624078121
0,0.328447253,0.633603811,0.530712664,0.962194026,0.00594528,0.283921865,29.34173833,55.34933852,0.655136108,0.655136108
0,0.471421152,0.720401645,0.761733115,0.985316634,0.361981289,0.466737544,34.71573381,96.96674175,0.634379405,0.634379405
1,0.474723816,0.672392547,0.767069578,0.976507068,0.47213737,0.565620424,36.61433071,88.92313583,0.660943425,0.660943425
0,0.075771481,0.015852945,0.122433312,0.032059893,0.137988146,0.006587334,17.7195351,9.517558711,0.657855695,0.657855695
0,0.097296983,0.131076455,0.157214731,0.232818469,0.005621512,0.173345037,20.15789825,31.3963338,0.691531111,0.691531111
0,0.193806455,0.118503012,0.313156933,0.166715398,0.109561438,0.183067447,31.26957975,51.10596757,0.6554326,0.6554326
0,0.148671418,0.077173345,0.240226716,0.151807904,0.006969404,0.288616349,21.57148761,29.45577071,0.695476056,0.695476056
0,0.139539659,0.149104744,0.225471377,0.267645121,0.157667545,0.18080005,25.9584707,28.57343634,0.633334025,0.633334025
0,0.12839812,0.139655739,0.207468599,0.219452709,0.006211318,0.155214368,25.5165733,32.33033211,0.632733103,0.632733103
0,0.162130475,0.077735044,0.261974096,0.140660048,0.118930134,0.27625808,22.39986801,26.43206959,0.643774688,0.643774688
0,0.072455481,0.015590327,0.117075205,0.03223544,0.116154397,0.004556263,17.67955156,16.64738834,0.670325669,0.670325669
0,0.060467377,0.031932659,0.097704589,0.049766961,0.006164555,0.004862761,14.68520118,21.95884577,0.658865103,0.658865103
0,0.034451209,0.007479997,0.055667058,0.015440137,0.00662151,0.005677491,12.11801238,10.07938416,0.66868632,0.66868632
0,0.092320502,0.047319822,0.149173558,0.126869962,0.005982276,0.005310596,15.99599472,23.5462738,0.658750594,0.658750594
0,0.047569606,0.022049768,0.076864026,0.046782475,0.037976591,0.005001662,13.01699899,15.4314426,0.702090071,0.702090071
0,0.02926269,0.006112129,0.047283314,0.017406145,0.007591016,0.006406817,7.999430441,5.986391935,0.694817561,0.694817561
0,0.120708853,0.008045737,0.195044115,0.013746196,0.17167296,0.005394105,20.98738166,6.496889094,0.662958411,0.662958411
0,0.158377871,0.225160375,0.255910605,0.412137777,0.005460485,0.145206762,22.91406196,32.25636292,0.709136796,0.709136796
0,0.068078272,0.028985756,0.110002421,0.042854406,0.108066757,0.006718612,7.297966556,6.705274912,0.731380486,0.731380486
0,0.073971249,0.025744839,0.119524464,0.05650587,0.16274102,0.006861757,11.10558224,9.725931687,0.664007638,0.664007638
0,0.00194724,0.004415247,0.003146392,0.008627536,0.009752683,0.010584826,3.431284052,1.082924933,0.708074561,0.708074561
0,0.041981485,0.00689452,0.067834653,0.010950793,0.007709132,0.00681448,9.827707474,2.896809555,0.715613107,0.715613107
0,0.044168688,0.013698722,0.071368761,0.032339264,0.098125309,0.005732212,12.50065876,10.16185446,0.667790846,0.667790846
0,0.211321503,0.355270654,0.341458082,0.554937661,0.037271245,0.16261265,27.00027164,32.21549814,0.656006601,0.656006601
0,0.044195879,0.012345368,0.07141272,0.035586543,0.145431049,0.006055965,11.48850371,9.117007942,0.666405777,0.666405777
0,0.03974247,0.006049922,0.064216793,0.014631775,0.007534621,0.007611492,11.33515759,7.048045142,0.679408524,0.679408524
0,0.022419335,0.011091799,0.036225665,0.024462063,0.173135171,0.005713591,10.99451758,9.248826116,0.719630285,0.719630285
0,0.080549672,0.038543537,0.112390324,0.054390669,0.168957126,0.118079945,13.90886573,18.01387982,0.62996988,0.62996988
0,0.040173214,0.018815985,0.056053311,0.025124088,0.155423443,0.005472598,12.1816772,14.41034928,0.661752827,0.661752827
0,0.015857354,0.012130486,0.022125632,0.017140314,0.007282979,0.104315151,8.270333508,9.372397408,0.710253288,0.710253288
0,0.044936761,0.023678539,0.062699959,0.035958357,0.006258487,0.234681709,10.83637961,16.50466226,0.66742027,0.66742027
0,0.033983059,0.013266709,0.04741627,0.018145308,0.006146571,0.127441869,11.71644537,14.41034928,0.662292415,0.662292415
0,0.020680547,0.016538829,0.028855421,0.024019131,0.007243488,0.146817353,10.43488443,11.10090053,0.756990624,0.756990624
0,0.072293386,0.030754946,0.100870378,0.062196642,0.106820875,0.218608838,14.57252837,9.928253683,0.676050962,0.676050962
1,0.346307129,0.432956427,0.483199745,0.769018769,0.360759371,0.419643781,23.0711516,50.91847955,0.669489965,0.669489965
0,0.507944405,0.502622485,0.708730817,0.707112253,0.245055125,0.419126274,31.7052115,72.91674532,0.650217532,0.650217532
0,0.417815268,0.443761855,0.582974255,0.872925103,0.007282934,0.427428476,19.51805041,31.18558743,0.766206495,0.766206495
0,0.17118001,0.201607943,0.238846168,0.361889005,0.006523466,0.369060869,20.4726391,36.66522298,0.666541659,0.666541659
0,0.125138968,0.157223821,0.174605504,0.247058943,0.006524609,0.350440212,15.43496821,35.69896514,0.668909862,0.668909862
0,0.136818141,0.187289089,0.190901279,0.338895887,0.007374397,0.441696169,16.30709407,27.79186201,0.718632923,0.718632923
0,0.296171129,0.270544201,0.413245261,0.559392393,0.230509008,0.206000857,25.93358259,28.18830731,0.639668936,0.639668936
0,0.028930657,0.012107722,0.040366724,0.018869851,0.006477832,0.117578144,10.25787066,9.801993818,0.673681983,0.673681983
0,0.027833618,0.006646399,0.038836043,0.013719417,0.00693493,0.141627755,9.488552193,7.94341431,0.699368784,0.699368784
0,0.057955708,0.022848602,0.08086516,0.06125978,0.006295496,0.005436891,12.78516374,12.52102997,0.663428128,0.663428128
0,0.186125204,0.23285152,0.259699076,0.494035751,0.068734389,0.225143564,21.22599515,22.88360845,0.674077664,0.674077664
0,0.052352451,0.014557404,0.073046975,0.041456617,0.007904743,0.006533252,7.927246463,7.907446605,0.71094329,0.71094329
0,0.125485882,0.018090462,0.175089493,0.030907705,0.144541043,0.005520411,19.60045093,6.963899269,0.668151871,0.668151871
0,0.31978184,0.269047081,0.446189165,0.492468774,0.180496889,0.244895085,20.70011913,36.17341575,0.676806196,0.676806196
0,0.097075582,0.095833793,0.135448813,0.141686842,0.008108043,0.217609723,11.93605752,9.56517077,0.76512473,0.76512473
0,0.074774325,0.047561374,0.104332052,0.104389668,0.007323403,0.136975005,11.16661525,9.189025009,0.675071785,0.675071785
0,0.017569216,0.013033578,0.024514202,0.025467975,0.010067095,0.010711795,4.237839386,2.477952248,0.726970565,0.726970565
0,0.063194446,0.016820248,0.088174716,0.026716152,0.008022897,0.006940966,11.51783089,3.64751375,0.742639666,0.742639666
0,0.091044366,0.07408157,0.127033517,0.174888104,0.172628544,0.225984097,17.10767116,14.74069884,0.654757854,0.654757854
0,0.521324158,0.467572808,0.727399588,0.730355263,0.354115943,0.421950559,24.58106325,39.88276187,0.644732475,0.644732475
0,0.117537066,0.104118705,0.163998574,0.300130755,0.112283634,0.309886317,17.68889466,18.69985329,0.662369937,0.662369937
0,0.053284764,0.07174585,0.074347816,0.173517779,0.00784833,0.229557286,11.8350987,11.49778088,0.671194621,0.671194621
0,0.129167125,0.170839652,0.180225909,0.37677294,0.007243518,0.205145581,18.51606265,18.24841309,0.726763719,0.726763719
0,0.095259093,0.087406382,0.133223832,0.123343371,0.005968593,0.118030257,16.61187583,28.74637067,0.655903485,0.655903485
0,0.073515631,0.038682625,0.102814764,0.051651064,0.005901842,0.005416608,16.95853339,19.1252705,0.652588315,0.652588315
0,0.03295346,0.035905793,0.046086878,0.050734669,0.006771741,0.104264637,11.88317943,14.97373319,0.701532421,0.701532421
0,0.101753592,0.096080862,0.142306775,0.145908892,0.005747775,0.234638542,17.63826708,30.46856782,0.648596375,0.648596375
0,0.057475224,0.025711574,0.080381572,0.03516655,0.054748454,0.12739275,15.84107425,18.35783558,0.652058894,0.652058894
0,0.066122003,0.058739476,0.092474446,0.0853066,0.006732269,0.146769252,19.88439203,17.77060207,0.746370425,0.746370425
0,0.102378808,0.0530071,0.143181115,0.107197851,0.176518807,0.218564607,18.40679441,12.04057182,0.670376492,0.670376492
0,0.354895949,0.428822607,0.496337146,0.761676252,0.3150545,0.419610694,32.18565737,57.95161113,0.652424989,0.652424989
0,0.556694925,0.580127656,0.778561771,0.816149831,0.553311971,0.419093296,40.65861529,89.62758274,0.628209157,0.628209157
0,0.287047356,0.271780699,0.401447982,0.534620643,0.233086546,0.427396052,25.08398786,33.66458162,0.754545227,0.754545227
1,0.440381289,0.489363343,0.615892112,0.878413975,0.244706789,0.369025301,32.72857044,50.42397262,0.647402621,0.647402621
0,0.447564065,0.494315028,0.625937462,0.776758432,0.00601376,0.350403635,31.32651633,50.47355078,0.648783097,0.648783097
0,0.452872485,0.498768538,0.633361459,0.902512014,0.16376395,0.441664495,33.25284214,43.00496609,0.680034042,0.680034042
0,0.22771892,0.140018418,0.31847465,0.289509952,0.216980682,0.205956209,24.53199632,28.1664102,0.643968387,0.643968387
0,0.0420243,0.032076646,0.058772773,0.049991369,0.036615683,0.117528495,13.31959442,14.96065142,0.663369977,0.663369977
0,0.039997857,0.022985762,0.055938713,0.047446989,0.117067996,0.141579348,12.01325923,12.7990579,0.695278548,0.695278548
0,0.069883928,0.044776566,0.097735703,0.120051198,0.15713374,0.005380903,14.29931295,15.14808035,0.658646395,0.658646395
0,0.137829587,0.186495394,0.192760572,0.395682991,0.131105061,0.225099926,19.46209873,29.46919247,0.663240622,0.663240622
0,0.067690484,0.05432089,0.094668016,0.154695302,0.007393184,0.006477202,11.76709435,11.84757273,0.711006124,0.711006124
0,0.081657358,0.0673161,0.114201292,0.115010038,0.006358309,0.005464418,17.36368159,13.77479462,0.666024775,0.666024775
0,0.234515667,0.207845181,0.327980191,0.380443603,0.16027398,0.244852683,24.31614558,42.42930233,0.661625946,0.661625946
0,0.072686262,0.102313176,0.101654835,0.151266411,0.007596379,0.217565417,9.100493006,12.43548277,0.79639152,0.79639152
0,0.057717107,0.123093352,0.080719836,0.27017051,0.006812144,0.136926185,9.440441936,15.43323985,0.691868472,0.691868472
0,0.032822184,0.109515257,0.045903224,0.213996306,0.009554419,0.010655508,8.432803031,6.925707715,0.723994366,0.723994366
0,0.059163749,0.065770254,0.082743049,0.104465067,0.007511277,0.006884893,13.28533341,8.350461014,0.741817716,0.741817716
0,0.061368398,0.112101525,0.085826322,0.264643729,0.22644142,0.2259404,15.06298406,23.74177338,0.663929139,0.663929139
0,0.341389537,0.331498206,0.477447867,0.517804801,0.045549409,0.42191791,26.09443239,43.13195898,0.66858502,0.66858502
0,0.204631716,0.220958754,0.286186188,0.636931777,0.186522373,0.309847253,25.55967606,26.75754702,0.675210207,0.675210207
0,0.04187322,0.072819017,0.058561459,0.176113263,0.0073368,0.229513516,12.65658035,13.11765348,0.677516736,0.677516736
0,0.064076036,0.121991321,0.089613087,0.269042045,0.006732299,0.205100722,14.2871808,21.67961727,0.76723203,0.76723203
0,0.079336591,0.052059609,0.121192947,0.073463835,0.009365453,0.007353067,6.204592245,18.11545804,0.688083731,0.688083731
0,0.064219214,0.025144234,0.09809991,0.033573914,0.009298473,0.007305198,7.478544525,12.84608834,0.696934656,0.696934656
0,0.005603841,0.01417369,0.00856033,0.020027354,0.010171357,0.091091523,2.163630194,7.225197477,0.684565078,0.684565078
0,0.078859717,0.097439177,0.120464481,0.147971645,0.009143879,0.180205122,8.956548635,20.97470221,0.721346524,0.721346524
0,0.085520811,0.063457996,0.130639821,0.086793542,0.098881134,0.177026602,10.61500035,20.10143388,0.702901706,0.702901706
0,0.004877749,0.011221115,0.007451151,0.016296277,0.01013175,0.007521319,3.018214633,7.373281449,0.68303245,0.68303245
0,0.391678572,0.151588142,0.598319948,0.306561232,0.134073806,0.008548686,19.18348907,15.40354355,0.656940766,0.656940766
0,0.043748863,0.045375761,0.066829875,0.080596574,0.008819067,0.008699155,7.630211527,17.20722798,0.798470286,0.798470286
0,0.066952959,0.038149823,0.102275923,0.053670906,0.135691263,0.007983505,8.977968957,21.25353391,0.782568642,0.782568642
0,0.00764379,0.021244504,0.011676487,0.041790117,0.010171312,0.007505799,4.814934785,8.514034255,0.690054219,0.690054219
0,0.052885473,0.057362884,0.08078675,0.10296718,0.195403329,0.006886642,8.769691259,17.25279382,0.666139691,0.666139691
0,0.031375915,0.037474036,0.047929175,0.058886077,0.009410776,0.006691607,7.139216328,13.51922943,0.679110297,0.679110297
0,0.007827912,0.022903992,0.011957759,0.041444324,0.010263042,0.007732549,4.679900867,7.640765932,0.678519913,0.678519913
0,0.117982902,0.062135071,0.180228248,0.128473982,0.009090508,0.006513605,12.85943518,21.90398353,0.734608357,0.734608357
0,0.094382785,0.048389118,0.144177228,0.0754143,0.064962112,0.006820708,11.80788713,16.63585613,0.703755251,0.703755251
0,0.107352227,0.041057255,0.163989067,0.084749974,0.219027326,0.007637045,12.39605717,16.63585613,0.657475377,0.657475377
0,0.144907966,0.165510386,0.221358374,0.443752646,0.303205616,0.188542401,14.77004606,26.15275353,0.695491716,0.695491716
0,0.14107202,0.194909543,0.215498701,0.413535058,0.122871823,0.196723595,17.15500759,27.25447653,0.766942871,0.766942871
1,0.428952754,0.272699624,0.655259311,0.776595235,0.338607127,0.425252689,20.37885712,27.7421933,0.644672601,0.644672601
1,0.511459589,0.423535138,0.781295061,0.723612666,0.28177091,0.330101717,30.25308001,42.76771864,0.637274119,0.637274119
0,0.058893692,0.040482424,0.0899648,0.074099779,0.00865752,0.083430878,7.577919992,17.32798659,0.824352623,0.824352623
0,0.050910927,0.041885808,0.077770479,0.061926663,0.010998831,0.008680225,6.763711006,9.422440264,0.682375778,0.682375778
0,0.128169432,0.191359878,0.195788994,0.420004755,0.010211899,0.230451642,12.74542702,20.40685809,0.659385082,0.659385082
0,0.174861014,0.146994948,0.267114013,0.287232786,0.01296362,0.220108766,14.92790934,11.18446041,0.649901355,0.649901355
0,0.40598321,0.239661023,0.620171547,0.380661517,0.010913435,0.257407013,25.85046786,21.06516503,0.614097975,0.614097975
0,0.060186639,0.02948755,0.091939867,0.069612749,0.282124311,0.007691875,8.888247385,9.839232389,0.717238552,0.717238552
0,0.057818636,0.038614746,0.08832255,0.06031676,0.038874757,0.007092395,8.372148958,12.54465828,0.682814402,0.682814402
0,0.028451905,0.022238977,0.043462548,0.064105675,0.141062195,0.008016266,5.945135202,7.828013293,0.691014566,0.691014566
0,0.060841125,0.044192553,0.092939645,0.106879942,0.010738359,0.009574873,7.801162632,9.560944364,0.71777768,0.71777768
0,0.029084463,0.027974589,0.044428833,0.061695695,0.01013178,0.007673217,6.896045341,9.761797299,0.668689292,0.668689292
0,0.076842666,0.04370299,0.106289759,0.061671399,0.228892124,0.007514905,6.372008635,18.3973674,0.70795398,0.70795398
0,0.036431387,0.015580847,0.050392352,0.020804377,0.209954862,0.007467028,5.528323127,11.59393896,0.728693277,0.728693277
0,0.005021099,0.00246583,0.006945223,0.003484207,0.010041116,0.062114057,1.700779995,5.32377537,0.697674248,0.697674248
0,0.060703609,0.059684791,0.083966047,0.090637632,0.009013773,0.117829795,6.868725699,19.95425767,0.762958035,0.762958035
0,0.039897699,0.029667187,0.055187032,0.040576767,0.008901545,0.11572908,6.399840129,15.60601184,0.751426488,0.751426488
0,0.004370261,0.001932453,0.006044995,0.002806476,0.010001514,0.007683184,2.557737169,5.471101331,0.68167647,0.68167647
0,0.406437904,0.152885631,0.562190235,0.309185237,0.26213705,0.008710719,23.87048995,16.29476294,0.648156021,0.648156021
0,0.042338394,0.033858176,0.05856305,0.060139019,0.008689003,0.008861212,6.918909264,16.74982981,0.846055245,0.846055245
0,0.032505199,0.02577707,0.044961624,0.036264356,0.008202236,0.008145445,6.297896117,19.85536544,0.842748869,0.842748869
0,0.006369289,0.005141325,0.008810085,0.010113519,0.010041071,0.007667661,3.889234387,6.579282231,0.682529362,0.682529362
0,0.042304002,0.028925585,0.058515459,0.051921826,0.009279488,0.007048404,7.503988211,14.11077073,0.689670531,0.689670531
0,0.028305549,0.021402199,0.039152607,0.033631071,0.009280635,0.006853337,6.206122742,11.99682249,0.701051607,0.701051607
0,0.006462579,0.00527017,0.008939135,0.009536267,0.010132789,0.007894449,3.739666028,5.691986336,0.684298813,0.684298813
0,0.183534384,0.098292954,0.253867209,0.203236088,0.309406391,0.006675306,19.76032062,25.56893286,0.757855548,0.757855548
0,0.080536,0.022334449,0.111398458,0.034808185,0.009233728,0.006982459,10.49621727,13.43666385,0.736802545,0.736802545
0,0.091602713,0.01895036,0.126706094,0.039117128,0.009692098,0.007798929,11.01242297,13.43666385,0.674357957,0.674357957
0,0.074074283,0.079652533,0.102460526,0.21355769,0.009050884,0.122886119,9.537450455,21.24557403,0.743384504,0.743384504
0,0.168150216,0.182218224,0.232587636,0.386608213,0.089922436,0.12775095,19.92568112,29.05034356,0.811592389,0.811592389
1,0.291231543,0.154836997,0.40283531,0.440945506,0.010664613,0.257024886,15.69871634,24.51269967,0.660532425,0.660532425
1,0.610650957,0.435147345,0.84466058,0.743452251,0.063058714,0.205730733,41.36714951,48.23311839,0.630636029,0.630636029
0,0.045156095,0.017297843,0.062460538,0.031662293,0.008527477,0.056592313,5.761781355,11.91174568,0.883072784,0.883072784
0,0.04258354,0.016199678,0.058902148,0.023950621,0.010868481,0.008842279,5.356886167,7.238389245,0.67524599,0.67524599
0,0.079967946,0.08140365,0.110612728,0.178668186,0.010081653,0.148796405,8.480665733,14.99167619,0.692443525,0.692443525
0,0.243477598,0.261176109,0.336781412,0.510346413,0.484739491,0.144070298,23.45053202,15.69570389,0.638654404,0.638654404
0,0.658652961,0.508117199,0.911057591,0.807059228,0.483657994,0.164729775,43.58658423,36.54881274,0.53962348,0.53962348
0,0.053515509,0.013452594,0.074023351,0.031758226,0.088282843,0.007853767,7.976638914,7.919493967,0.749462893,0.749462893
0,0.046209462,0.01434074,0.063917518,0.022400441,0.036103872,0.00725419,6.797341908,8.988788397,0.71262312,0.71262312
0,0.02498173,0.007055271,0.03455507,0.020337401,0.128479448,0.008178212,5.009795625,5.87910478,0.712817866,0.712817866
0,0.050659902,0.003881633,0.070073478,0.009387737,0.010608043,0.009737073,6.69572579,6.06207524,0.75645155,0.75645155
0,0.048915759,0.037864074,0.067660943,0.083506174,0.010001545,0.007835106,9.857388546,9.836760033,0.661207776,0.661207776
0,0.087278642,0.067469895,0.213809744,0.095210038,0.007255472,0.41991242,13.38242371,20.85742005,0.653366442,0.653366442
0,0.18644464,0.144128218,0.456740439,0.192447618,0.007188635,0.366521839,16.32024237,30.35858243,0.647011421,0.647011421
0,0.074227855,0.077745855,0.181838706,0.109854475,0.008059662,0.199983088,12.73897406,18.49330997,0.648818167,0.648818167
0,0.112129375,0.067314491,0.274687499,0.102224126,0.220017751,0.37946819,15.51729018,21.27429124,0.684183019,0.684183019
0,0.147539496,0.118026808,0.361433148,0.161429092,0.177144168,0.284070948,15.65383125,34.07634414,0.675720589,0.675720589
0,0.0489714,0.038529065,0.119967014,0.055955257,0.008020139,0.156173524,12.57388581,14.84709975,0.651083352,0.651083352
0,0.113405004,0.027209086,0.277812451,0.05502576,0.103606642,0.007045028,15.28042777,9.070575415,0.660478904,0.660478904
0,0.138084814,0.079020411,0.338271588,0.140356332,0.006710246,0.231377418,20.96005439,23.69904895,0.757797669,0.757797669
0,0.190306902,0.19265157,0.466201842,0.271030933,0.006224448,0.248555453,20.81815455,51.32483586,0.740827825,0.740827825
0,0.042697325,0.044831801,0.104597211,0.088188775,0.008059617,0.122278721,13.63287281,13.77607372,0.66397991,0.66397991
0,0.111929439,0.070685908,0.274197638,0.126882151,0.007299554,0.256187158,20.17795984,20.36565775,0.640392303,0.640392303
0,0.221756995,0.194899395,0.543246448,0.306261688,0.275489808,0.300617425,22.90712922,34.80839853,0.627919979,0.627919979
0,0.043170266,0.063921988,0.105755836,0.115665607,0.008151152,0.124315157,13.30229819,13.46858986,0.661658016,0.661658016
0,0.152390346,0.078139901,0.373316288,0.161566466,0.006981111,0.408454827,23.96926464,24.11770908,0.703803277,0.703803277
0,0.199080214,0.205024332,0.487694293,0.319529951,0.210711227,0.399769524,23.2446997,36.866903,0.6461229,0.6461229
0,0.062753081,0.03540821,0.153728545,0.073089264,0.276893147,0.228393099,16.68905031,15.12596135,0.653560598,0.653560598
1,0.208154529,0.24272345,0.509923935,0.65076983,0.232091825,0.415945554,22.49593408,34.86385159,0.674386455,0.674386455
1,0.105750889,0.086093068,0.259061903,0.182661667,0.185931063,0.459434449,19.79958996,21.66936062,0.752714377,0.752714377
0,0.178916454,0.100501843,0.438298404,0.286209613,0.192506184,0.006864429,17.51933099,18.83352117,0.661267853,0.661267853
0,0.169533521,0.050881721,0.415312588,0.08693178,0.194853883,0.268123167,22.90973414,14.75261338,0.669839558,0.669839558
0,0.121297121,0.035647918,0.297146112,0.065250613,0.006549042,0.193794345,14.81208736,13.89674844,0.794577959,0.794577959
0,0.067390025,0.024391754,0.165087834,0.03606233,0.130762562,0.245763458,11.08486549,6.457538735,0.689617584,0.689617584
0,0.124825813,0.073125646,0.305790484,0.160499245,0.198875483,0.349679112,16.38968579,13.35072344,0.65801954,0.65801954
0,0.060714778,0.068815738,0.14873527,0.134468123,0.010845964,0.01104437,13.07292357,7.105633085,0.675048312,0.675048312
0,0.077521518,0.052124776,0.189907387,0.082791463,0.008800159,0.255051231,14.40925496,9.182882302,0.666156204,0.666156204
0,0.04253269,0.015158268,0.104193911,0.035784878,0.215421546,0.284983366,11.29433147,8.252578572,0.707722718,0.707722718
0,0.078784719,0.02721476,0.193001851,0.042509831,0.030324709,0.196978876,13.47226225,10.4640445,0.676865739,0.676865739
0,0.044824336,0.014118628,0.109807856,0.0406981,0.108824249,0.196815003,10.61679271,7.52179909,0.679689009,0.679689009
0,0.054938249,0.00604271,0.134584293,0.014614332,0.008625456,0.297426143,8.230943634,6.481709769,0.710236006,0.710236006
0,0.037139043,0.019968878,0.090980895,0.044039745,0.008020169,0.464858643,11.08916993,8.327785957,0.675106605,0.675106605
0,0.069473177,0.045083232,0.101291448,0.063619129,0.00372768,0.418877979,41.37364895,25.07230034,0.831568328,0.831568328
0,0.045344692,0.024772894,0.066112243,0.033078082,0.003661079,0.365394286,36.0181862,18.98765092,0.819278556,0.819278556
0,0.021216813,0.019364109,0.030933939,0.027361382,0.004529019,0.198561326,28.70000432,13.75035923,0.96096062,0.96096062
0,0.089961588,0.054181412,0.131163403,0.082280166,0.003507359,0.378362823,46.10145967,27.89016688,0.759873529,0.759873529
0,0.040902641,0.023112057,0.059635758,0.031611118,0.073605198,0.282800411,34.9603692,21.55861653,0.78418819,0.78418819
0,0.023365226,0.017555943,0.034066312,0.02549628,0.004489637,0.154676044,30.92821529,14.37966209,1.047928928,1.047928928
0,0.085332341,0.040686537,0.12441396,0.082281634,0.121593158,0.005281844,44.99371906,11.93527391,0.870163966,0.870163966
0,0.111582436,0.096201308,0.162686422,0.170873091,0.285521622,0.23000657,50.75681579,37.0130288,0.708708332,0.708708332
0,0.210231245,0.087254807,0.306515664,0.122754015,0.196801923,0.247217942,61.65973183,44.55174679,0.708405117,0.708405117
0,0.091465786,0.080392011,0.133356482,0.158139363,0.004528974,0.120721771,39.15236381,22.87346609,1.087711341,1.087711341
0,0.073239096,0.050076645,0.106782116,0.089888267,0.003771605,0.254868171,52.09495621,24.28052681,0.868943709,0.868943709
0,0.03490619,0.025331832,0.050892942,0.039806053,0.003772746,0.299377474,41.19851678,17.64810763,0.885405226,0.885405226
0,0.032323871,0.028279329,0.047127984,0.051170893,0.085506626,0.122760878,36.0389201,12.14869957,0.989061409,0.989061409
1,0.375813007,0.284296989,0.547932744,0.587828457,0.350734783,0.407405332,129.8301277,51.24918512,0.707457076,0.707457076
0,0.434809089,0.350282758,0.633948565,0.545914829,0.192885505,0.39870298,83.42582697,49.33447743,0.772855058,0.772855058
0,0.468311816,0.267825335,0.682795227,0.552842319,0.296566768,0.227021853,79.25423624,39.57323591,0.916527311,0.916527311
0,0.07494206,0.062678404,0.10926497,0.168048084,0.226144048,0.414904682,47.56009327,26.28995739,0.786595622,0.786595622
1,0.244995594,0.250686228,0.357201904,0.531875074,0.270334266,0.458471566,106.6309953,45.34640021,0.683118741,0.683118741
0,0.045140147,0.043414362,0.065814041,0.123635635,0.005149062,0.005101564,32.9629106,15.41188111,0.946415868,0.946415868
0,0.274625123,0.17953226,0.400401443,0.306732178,0.028808067,0.266822922,102.180803,31.1204958,0.824537509,0.824537509
0,0.090956002,0.097376525,0.132613212,0.178239793,0.145739831,0.192369181,32.36548862,39.99279895,0.697954432,0.697954432
0,0.446044236,0.409061313,0.650329471,0.604782701,0.005351799,0.244417828,65.58243756,33.00954747,1.09008089,1.09008089
0,0.120833442,0.153786451,0.176174328,0.33753711,0.004569332,0.348513896,56.50941631,22.85196329,0.890627371,0.890627371
0,0.132996067,0.144902676,0.19390732,0.283144444,0.193125631,0.009274069,70.25089356,11.56293045,0.973381809,0.973381809
0,0.306993783,0.244833469,0.447594702,0.388877004,0.19147477,0.253721369,90.97981269,25.14991708,0.999726403,0.999726403
0,0.271639079,0.219354063,0.39604789,0.517840266,0.180097804,0.283711032,75.03130404,34.53607926,0.780815223,0.780815223
0,0.115823254,0.12048205,0.168869495,0.188194662,0.018098157,0.195554904,35.27088335,32.83909833,0.857557814,0.857557814
0,0.046754047,0.070976973,0.068167076,0.204596996,0.065865218,0.195386717,30.92870759,19.76780923,0.87745125,0.87745125
0,0.134017512,0.233396128,0.195396587,0.564469755,0.005092805,0.296166223,56.79871967,22.36176235,0.802161912,0.802161912
0,0.261117429,0.331485689,0.380707383,0.731064916,0.123560046,0.463900581,90.1256188,48.42669998,1.005118828,1.005118828
0,0.024786111,0.015900966,0.031925552,0.022438617,0.005146172,0.090578795,13.99932415,14.32239068,0.680654,0.680654
0,0.026884621,0.012054411,0.034628518,0.016095685,0.005079476,0.081658043,14.95917676,12.2837803,0.673996723,0.673996723
0,0.006117796,0.008219149,0.007879958,0.011613612,0.005948655,0.050032076,9.992941285,7.917503693,0.744468061,0.744468061
0,0.045964479,0.026610471,0.059204206,0.040410798,0.004925537,0.083943862,17.25630254,16.24820994,0.657921721,0.657921721
0,0.02497945,0.015688797,0.032174617,0.021458078,0.079791117,0.066359115,14.36526021,14.63845563,0.663630522,0.663630522
0,0.014554786,0.01033396,0.018747173,0.015007879,0.005909217,0.040370878,13.45537712,9.606960372,0.786039754,0.786039754
0,0.134337768,0.08406692,0.173032701,0.170011103,0.094936993,0.248462059,31.57009462,15.41776753,0.650714862,0.650714862
0,0.106396042,0.10658697,0.137042597,0.189320177,0.260670304,0.146816872,20.52018466,32.66091273,0.6375365,0.6375365
0,0.183523491,0.120109558,0.236385956,0.168975592,0.181172508,0.149035326,26.67124637,44.1101448,0.627922325,0.627922325
0,0.120360561,0.11924541,0.155029446,0.234568,0.00594861,0.173084766,19.09782582,26.18793504,0.791846283,0.791846283
0,0.035144769,0.030263625,0.045267943,0.054323632,0.00519016,0.060825364,17.39384504,16.72486018,0.692122407,0.692122407
0,0.021152779,0.02955866,0.027245639,0.046447989,0.005191302,0.142137603,15.51514585,16.39360788,0.692769206,0.692769206
0,0.033941891,0.039366398,0.043718591,0.071232721,0.12373824,0.146639269,16.62406172,13.04466038,0.741854648,0.741854648
1,0.408746779,0.339594424,0.52648294,0.70216471,0.313333052,0.380316884,64.63529814,53.23393343,0.599497667,0.599497667
0,0.577121794,0.50632894,0.743357122,0.789112151,0.324215505,0.259840346,52.89856738,52.24363484,0.653412688,0.653412688
0,0.643713474,0.385444134,0.829129875,0.795629919,0.359029522,0.055814949,52.6938664,41.19619067,0.703464736,0.703464736
0,0.052565858,0.053070776,0.067706972,0.142288938,0.244399931,0.174086736,19.30859344,20.24763623,0.654748847,0.654748847
0,0.168794885,0.209163368,0.217414871,0.443777084,0.1924015,0.191794174,41.44735475,30.52925457,0.651410711,0.651410711
0,0.077356108,0.056839906,0.099637896,0.161868975,0.006569584,0.093124101,18.38419114,18.44585009,0.723329317,0.723329317
0,0.086652398,0.03141658,0.111611918,0.053675428,0.005535566,0.06354836,21.83321906,14.59798173,0.683103366,0.683103366
0,0.083680838,0.079612248,0.10778442,0.14572376,0.134993385,0.133655653,11.94877271,30.25733631,0.665857372,0.665857372
0,0.601245999,0.579374373,0.774430156,0.856584311,0.006772611,0.351368729,46.3069927,35.21139461,0.796307861,0.796307861
0,0.100461677,0.114737213,0.129398838,0.25183019,0.005989025,0.175010293,26.17790641,14.4117004,0.706887267,0.706887267
0,0.026798293,0.054468833,0.034517333,0.106433839,0.008729023,0.140258063,10.77924157,7.691422755,0.748352702,0.748352702
0,0.082979061,0.033467848,0.106880516,0.053158082,0.006687579,0.062096752,19.9616253,9.742191822,0.777378267,0.777378267
0,0.348044425,0.263948232,0.448295742,0.623116016,0.216418838,0.208618596,51.124468,31.92433327,0.644698502,0.644698502
0,0.13262406,0.119991742,0.170825347,0.187428787,0.026703198,0.04884841,15.66069155,28.85972877,0.688107684,0.688107684
0,0.029665116,0.048837829,0.038209919,0.140779033,0.0997547,0.138739959,12.73133868,14.56923437,0.700462409,0.700462409
0,0.170557946,0.239594534,0.219685793,0.579460919,0.006513247,0.070963856,42.43854642,17.74092955,0.677268958,0.677268958
0,0.312199265,0.300358176,0.402125746,0.662415624,0.181088517,0.097773961,54.87318288,32.41301778,0.753353088,0.753353088
0,0.017597703,0.011216395,0.023796387,0.015827985,0.005260978,0.107882601,12.21984502,13.44878198,0.713441053,0.713441053
0,0.058778796,0.058100477,0.079483338,0.077578828,0.005194275,0.186730306,17.99717026,25.18558694,0.68648973,0.68648973
0,0.036454085,0.026570432,0.049294837,0.037543885,0.006063554,0.05883173,16.8427672,14.56717511,0.751487901,0.751487901
0,0.030120147,0.027495261,0.040729836,0.041754447,0.005040318,0.099829459,13.72929821,15.56863244,0.679310614,0.679310614
0,0.04630943,0.045048084,0.062621713,0.061613716,0.039204306,0.07865156,15.82539518,25.75415222,0.680440277,0.680440277
0,0.015580137,0.012503972,0.021068111,0.01815936,0.006024111,0.047288638,14.32466147,11.2745378,0.846113922,0.846113922
0,0.045793254,0.023683608,0.061923727,0.047896083,0.20737093,0.006050844,18.01495576,8.341247153,0.72243314,0.72243314
0,0.047759753,0.066652715,0.064582869,0.118388779,0.004716845,0.067343522,15.48289547,28.69805543,0.669965281,0.669965281
0,0.244176298,0.129090428,0.330186248,0.181610242,0.117120287,0.209742729,36.09712459,59.38101492,0.644983647,0.644983647
0,0.047286741,0.047898598,0.063943267,0.094221503,0.006063509,0.038186002,14.78278422,18.89652636,0.884637666,0.884637666
0,0.025067285,0.023784703,0.033897106,0.042693879,0.169429641,0.072002548,14.83820205,16.33681389,0.732550055,0.732550055
0,0.058989197,0.069554567,0.079767786,0.109296903,0.005306114,0.082217683,18.74583241,28.10945024,0.724478661,0.724478661
0,0.042941391,0.038683705,0.058067285,0.069997407,0.11217514,0.038904133,18.33436172,14.82725564,0.781124656,0.781124656
0,0.32076174,0.233595237,0.433748513,0.482994765,0.205988533,0.10498734,53.41712205,35.86016619,0.656928566,0.656928566
1,0.584035039,0.565838277,0.789758563,0.881857455,0.425752665,0.435064764,58.95668642,68.76957274,0.632429852,0.632429852
0,0.579830229,0.364329547,0.784072697,0.752045393,0.312401999,0.065817141,51.48859738,39.59924318,0.739837875,0.739837875
0,0.065804072,0.099944353,0.088983193,0.267962426,0.108820866,0.194918172,18.43928003,26.84352721,0.674003636,0.674003636
0,0.123240419,0.165689483,0.166651234,0.351539671,0.107459677,0.115008503,32.72108819,25.74088562,0.665370316,0.665370316
0,0.133042559,0.059295341,0.179906145,0.168861508,0.006684555,0.095809871,26.3820628,17.69610938,0.743781631,0.743781631
0,0.046274576,0.054302428,0.06257458,0.092776112,0.005650418,0.181176263,19.64212648,17.08593945,0.676396798,0.676396798
0,0.076428637,0.085335001,0.103350259,0.156198785,0.060260823,0.197917065,16.4083177,38.05302346,0.642242034,0.642242034
0,0.530986965,0.561581671,0.718024492,0.830278516,0.006887605,0.235265561,41.24620948,34.88459322,0.856190063,0.856190063
0,0.111837395,0.156714588,0.151231602,0.343963921,0.006103929,0.221906611,28.52160872,19.47317457,0.726917211,0.726917211
0,0.035885099,0.072660126,0.04852546,0.141980201,0.008844245,0.116908406,12.14506095,8.806933713,0.762310815,0.762310815
0,0.023530409,0.022256888,0.031818852,0.035351358,0.006802563,0.073149138,11.99948646,7.363388711,0.833698519,0.833698519
0,0.313851386,0.330688119,0.424403995,0.780672193,0.258401471,0.417793406,46.40077953,45.12188613,0.673979013,0.673979013
0,0.100711316,0.140176505,0.136186376,0.218957633,0.051516139,0.263683352,21.39764193,40.03495016,0.699567017,0.699567017
0,0.074852414,0.132395297,0.10121882,0.381640375,0.21957621,0.351647212,19.81546149,30.42557923,0.712760175,0.712760175
0,0.220218703,0.304429889,0.297789603,0.736265481,0.130016444,0.371035052,50.937366,26.39325982,0.652974266,0.652974266
0,0.263928741,0.292702317,0.35689643,0.645531297,0.163251148,0.30946871,51.51445972,34.33648019,0.775016486,0.775016486
0,0.03009557,0.051485337,0.042736515,0.072653443,0.007648885,0.083649596,8.694533754,17.73849451,0.658530932,0.658530932
0,0.030819496,0.046402596,0.043764517,0.061959211,0.007582021,0.086166433,9.305269047,17.44526975,0.659751037,0.659751037
0,0.19743827,0.147470489,0.280367643,0.208375022,0.008453394,0.087711402,17.80811924,30.79566338,0.640032275,0.640032275
0,0.028471546,0.047175232,0.040430337,0.071640573,0.007427694,0.085152578,8.368097823,17.35624798,0.688237459,0.688237459
0,0.026070626,0.032717384,0.037020989,0.044748615,0.007315646,0.084100573,8.912010884,17.44526975,0.674995411,0.674995411
0,0.075482957,0.064116545,0.107187852,0.093115643,0.008413856,0.07691262,9.170548535,25.67784448,0.68207054,0.68207054
0,0.046875931,0.05860832,0.066565096,0.118525364,0.133434556,0.093088098,8.970796948,11.10330262,0.668607915,0.668607915
0,0.010761885,0.027867699,0.015282184,0.049498688,0.007103443,0.066660412,6.488534497,15.70811111,0.747634253,0.747634253
0,0.158963889,0.047728553,0.225733042,0.067146666,0.090616947,0.006763477,16.68322126,26.55947903,0.727087467,0.727087467
0,0.170707345,0.16914095,0.242409036,0.332717657,0.008453349,0.10260169,18.44410493,33.63817656,0.664463561,0.664463561
0,0.0568753,0.063339658,0.08076445,0.113695577,0.128849923,0.076658397,12.4273271,18.27104699,0.653065242,0.653065242
0,0.015492135,0.034308881,0.021999242,0.053912412,0.007694129,0.067271744,7.847826146,15.71810849,0.662719003,0.662719003
0,0.166902542,0.153269932,0.237006128,0.277338922,0.00854492,0.090518583,17.69015943,26.66044677,0.649817953,0.649817953
0,0.320433736,0.198904023,0.45502457,0.411265194,0.007374415,0.085132593,33.50447015,35.37254878,0.676666618,0.676666618
0,0.494218409,0.352395624,0.701803446,0.549207628,0.148818517,0.091397241,33.44058658,44.52795652,0.662146551,0.662146551
1,0.561349571,0.394613564,0.797131658,0.814557433,0.235856679,0.45808746,35.16710879,64.68714819,0.63166848,0.63166848
0,0.03838725,0.076088436,0.054510899,0.204001978,0.007464746,0.083437886,10.08095886,20.86261577,0.675113235,0.675113235
0,0.11540173,0.180817291,0.163873613,0.383635849,0.363981668,0.084803777,19.63320693,27.2137034,0.724661967,0.724661967
0,0.201163247,0.080182344,0.285657316,0.228343636,0.009075892,0.099518236,20.55926574,20.31706314,0.661840933,0.661840933
0,0.057768319,0.049247142,0.082032591,0.084139079,0.097512035,0.077033769,11.44734801,15.60260095,0.667282003,0.667282003
0,0.017057873,0.01062334,0.024222659,0.01944517,0.006942175,0.004861356,5.310454795,8.741011035,0.773354669,0.773354669
0,0.434592545,0.397748083,0.617133081,0.588056564,0.129174759,0.00745934,20.78261999,27.55721025,0.701677762,0.701677762
0,0.085183427,0.07020659,0.120962761,0.154092416,0.008493866,0.007602592,14.71226365,10.1225827,0.671338725,0.671338725
0,0.02218774,0.024500782,0.031507201,0.047875293,0.011240805,0.01132845,5.67177366,5.192165389,0.685033281,0.685033281
0,0.020517655,0.06118859,0.0291356,0.097187847,0.009194185,0.09457772,7.185675191,10.76839432,0.685400367,0.685400367
0,0.243066803,0.17934373,0.345161438,0.423385859,0.095477085,0.087653545,23.65260438,23.01589218,0.677790369,0.677790369
0,0.024797609,0.02663889,0.035213262,0.041610315,0.037402455,0.069822532,8.765100402,11.29509914,0.673509009,0.673509009
0,0.038076255,0.049971689,0.054069318,0.144047514,0.140491334,0.103067505,10.13883724,12.74688571,0.66121506,0.66121506
0,0.207089439,0.183370695,0.294072568,0.443483144,0.009019412,0.111834657,27.15949037,16.12546692,0.690650158,0.690650158
0,0.183019042,0.206284493,0.259891957,0.454943806,0.008413886,0.084952826,21.73606778,24.13948491,0.684840475,0.684840475
0,0.091625653,0.095211208,0.120402619,0.134357139,0.13755468,0.127555469,8.151922743,22.33643757,0.655233749,0.655233749
0,0.070502572,0.055241894,0.092645407,0.073761903,0.126952457,0.144584604,9.006051836,15.53034986,0.65704444,0.65704444
0,0.007602617,0.027199773,0.009990379,0.038433135,0.008827296,0.085403017,3.177285171,6.25901929,0.694788043,0.694788043
0,0.061164953,0.080136873,0.08037506,0.121696249,0.007801209,0.097042342,7.777841181,20.25103446,0.667700034,0.667700034
0,0.086144425,0.04988103,0.113199867,0.068223886,0.220705775,0.089511445,11.10134007,18.03700023,0.641879835,0.641879835
0,0.037071642,0.032421697,0.04871475,0.047085613,0.11957599,0.106951325,6.598556205,8.503540332,0.699719914,0.699719914
0,0.519205809,0.213189811,0.682273269,0.431140184,0.251534678,0.066942593,25.18736361,15.0061708,0.64352436,0.64352436
0,0.056466836,0.117523015,0.074201405,0.208744779,0.007476836,0.148097135,11.83756688,25.30526176,0.692053385,0.692053385
0,0.072154082,0.094057903,0.094815575,0.132324904,0.006990663,0.120899654,12.68625647,29.29908011,0.683758236,0.683758236
0,0.00976445,0.038454615,0.012831176,0.075644188,0.008827251,0.09845478,7.02665462,6.463663146,0.753442895,0.753442895
0,0.091552824,0.137162045,0.120306909,0.246207789,0.008066599,0.180230917,15.39450777,25.22127961,0.63096747,0.63096747
0,0.055838753,0.120968983,0.073376037,0.190088689,0.008067745,0.147350766,12.20231144,21.31378763,0.644432566,0.644432566
0,0.010935051,0.051772308,0.014369442,0.093680993,0.008918856,0.10491848,7.233769755,7.372738358,0.706250423,0.706250423
0,0.150080964,0.119549125,0.197217003,0.247186556,0.00774791,0.168125235,20.38318996,23.50024651,0.669983024,0.669983024
0,0.054137748,0.074312463,0.071140885,0.115815744,0.076072048,0.159672301,13.13627567,15.67941293,0.661986519,0.661986519
0,0.061254639,0.059875321,0.080492884,0.123594023,0.270692782,0.204074951,13.48259025,15.2825182,0.662284773,0.662284773
0,0.112770028,0.155009061,0.148187771,0.415597379,0.38345601,0.321960171,15.04957157,23.73656034,0.653526144,0.653526144
0,0.140369713,0.229356766,0.184455752,0.486620992,0.14817183,0.138143181,19.97095889,31.43579398,0.681305205,0.681305205
0,0.137211204,0.129482031,0.180305272,0.368739486,0.009450029,0.340060036,13.37151169,16.72981018,0.683042199,0.683042199
0,0.592441857,0.285704643,0.778510451,0.488128364,0.058687932,0.313232603,36.67911185,32.78503305,0.633896994,0.633896994
0,0.042293005,0.037760179,0.055576004,0.06911692,0.007315508,0.179682073,9.484646912,16.68888069,0.732833258,0.732833258
0,0.059073709,0.093013845,0.077627026,0.137517691,0.009653646,0.228947748,10.65665229,13.29198265,0.744437033,0.744437033
0,0.081347667,0.096148498,0.106896572,0.211030841,0.008867783,0.318376174,12.41407193,16.52003691,0.675606361,0.675606361
1,0.157008842,0.307095081,0.206320733,0.600073516,0.445146522,0.561783197,19.13717606,17.82222405,0.682405362,0.682405362
1,0.714036047,0.413878202,0.938293815,0.657376349,0.443993224,0.478889994,40.87917546,32.18170939,0.62597585,0.62597585
0,0.035984769,0.076217048,0.04728651,0.179929435,0.316291955,0.181823037,8.498279504,13.74894203,0.678248031,0.678248031
0,0.043468215,0.079098582,0.057120312,0.123553075,0.034778237,0.166028837,9.870133334,15.95862223,0.667700711,0.667700711
0,0.024507079,0.060412757,0.032204032,0.17414476,0.126730573,0.153653952,7.599576267,10.28684991,0.677511247,0.677511247
0,0.047224317,0.088068895,0.062056094,0.212995097,0.009393528,0.213368311,6.045248913,9.931120216,0.679812773,0.679812773
0,0.039136969,0.075537317,0.051428739,0.166591436,0.008787772,0.184779889,10.42475876,12.44964868,0.719033064,0.719033064
0,0.047662713,0.018114407,0.062365495,0.025562136,0.008307531,0.006701135,7.885146893,14.43524286,0.669227178,0.669227178
0,0.063435264,0.016405422,0.083003551,0.021905389,0.008240622,0.006653298,9.815867721,12.9291729,0.669932352,0.669932352
0,0.010542397,0.006451941,0.013794474,0.009116555,0.009112574,0.007141692,4.415214967,6.662294191,0.682325542,0.682325542
0,0.062513202,0.040724412,0.081797004,0.061844289,0.008086193,0.006737577,9.555016342,17.32094182,0.686492754,0.686492754
0,0.096702218,0.038849834,0.126532555,0.053136177,0.236268004,0.006346181,13.5093819,18.77617701,0.650097546,0.650097546
0,0.039375704,0.017560156,0.051522158,0.025502399,0.121970176,0.006869276,7.774860982,8.90674182,0.666086143,0.666086143
0,0.542928517,0.193911657,0.710408986,0.392153412,0.243147939,0.007895968,28.51670548,16.33278063,0.62638539,0.62638539
0,0.036124896,0.027382389,0.047268558,0.048636705,0.007761727,0.008046338,10.27159532,15.84366494,0.747946066,0.747946066
0,0.059326623,0.028241022,0.07762745,0.039730757,0.007275414,0.007331159,11.59040883,21.15697191,0.737547939,0.737547939
0,0.011479134,0.011799061,0.015020164,0.023209967,0.009112529,0.006853766,7.675937617,7.508780375,0.715108398,0.715108398
0,0.054255553,0.027806032,0.070992082,0.049912237,0.008351659,0.006235016,12.40714219,14.25018378,0.658288123,0.658288123
0,0.030283067,0.021205243,0.03962465,0.033321556,0.008352805,0.006040108,10.28619741,12.1910758,0.667449926,0.667449926
0,0.010781475,0.012461359,0.014107304,0.022548584,0.009204161,0.007080368,7.212496426,6.459204007,0.686633968,0.686633968
0,0.16543889,0.080961034,0.216472894,0.167399585,0.008032879,0.005862223,21.31827092,23.33684133,0.691039567,0.691039567
0,0.096396565,0.045045827,0.126132563,0.070203781,0.083377685,0.006169125,15.86075578,15.365718,0.672642661,0.672642661
0,0.109318897,0.034564756,0.143041208,0.07134822,0.302329274,0.006984926,16.32249424,14.95505321,0.649879677,0.649879677
0,0.117797926,0.091406822,0.154135749,0.24507232,0.434435752,0.283057784,16.22324996,21.85037822,0.671159139,0.671159139
0,0.11183846,0.114608586,0.146337971,0.243162408,0.163693405,0.006308208,18.05909542,22.59168547,0.729030327,0.729030327
0,0.133378491,0.083629005,0.174522609,0.238159105,0.009735487,0.277090944,12.82616359,16.75652846,0.671573864,0.671573864
0,0.610683978,0.331411123,0.799065351,0.566218138,0.155504162,0.246643698,38.81951088,37.71957522,0.610223996,0.610223996
0,0.032750525,0.015448561,0.042853285,0.028277338,0.007600352,0.005427952,7.386325714,9.411969986,0.784178533,0.784178533
0,0.053739905,0.031343345,0.070317388,0.046340022,0.009939163,0.00802742,8.562786544,7.517276936,0.711740451,0.711740451
0,0.091585442,0.074157268,0.119837373,0.162763536,0.009153073,0.189835855,12.96559729,13.39769489,0.664138381,0.664138381
1,0.133969918,0.165858418,0.175296485,0.324092567,0.410538723,0.418035049,15.66288833,11.64386363,0.671564069,0.671564069
1,0.69868654,0.391524494,0.91421473,0.621871173,0.409312206,0.382394323,40.31000241,30.01745797,0.576046997,0.576046997
0,0.051296022,0.015723879,0.067119606,0.037120167,0.34353524,0.00703972,9.539193932,7.462552132,0.692247631,0.692247631
0,0.03342092,0.012311072,0.043730475,0.019230057,0.035021615,0.006440634,8.372130324,7.684237843,0.679119869,0.679119869
0,0.021071738,0.010624055,0.027571863,0.03062471,0.126822141,0.007363899,6.795124735,5.559928495,0.680636717,0.680636717
0,0.042123757,0.00302024,0.055117939,0.007304446,0.00967897,0.008921479,5.157754997,5.228579149,0.703241168,0.703241168
0,0.028336162,0.019303938,0.037077192,0.042573281,0.00907304,0.007021074,8.242088572,8.039166517,0.692609306,0.692609306
0,0.066156968,0.082660921,0.16783677,0.116646811,0.011101149,0.007419015,5.582619141,16.93463539,0.680313914,0.680313914
0,0.100722007,0.07227686,0.255526453,0.096507877,0.011034051,0.007371143,8.036288869,16.93463539,0.679583945,0.679583945
0,0.054133605,0.070623964,0.137334123,0.099791281,0.011908468,0.007859891,3.981445528,13.93105882,0.678286056,0.678286056
0,0.082710542,0.048744649,0.20983237,0.074023858,0.010879185,0.007455483,6.972638055,12.50347489,0.708927246,0.708927246
0,0.092138492,0.060347997,0.233750522,0.082539886,0.103355374,0.007063804,7.747024858,18.93074198,0.695990893,0.695990893
0,0.049609814,0.056019407,0.125857502,0.081356265,0.011868792,0.007587278,5.290945795,14.15311018,0.691963742,0.691963742
0,0.133227974,0.063906707,0.3379924,0.129240453,0.168851611,0.008614714,8.900926853,4.629790503,0.672160277,0.672160277
0,0.028849516,0.033030093,0.073189706,0.058668166,0.010553803,0.008765192,7.300866991,10.1714085,0.766426988,0.766426988
0,0.026748318,0.026324382,0.067859091,0.037034333,0.010066119,0.008049495,6.899907961,13.24403973,0.762123329,0.762123329
0,0.016850285,0.011983201,0.042748287,0.02357218,0.011908423,0.007571757,6.661267755,4.490326576,0.712535304,0.712535304
0,0.062076788,0.053083677,0.157485604,0.095285937,0.011145402,0.006952559,9.390220455,12.10059456,0.668504858,0.668504858
0,0.060001515,0.049606349,0.152220696,0.077950604,0.011146551,0.006757511,9.255980141,10.90495057,0.666920278,0.666920278
0,0.019674566,0.031527225,0.049913336,0.057047892,0.012000314,0.007798523,7.042288815,6.047485848,0.680539682,0.680539682
0,0.219356447,0.073633783,0.556495905,0.152249351,0.010825721,0.006579497,17.53762815,18.08807902,0.707406546,0.707406546
0,0.103909589,0.040671404,0.263613224,0.063386276,0.068357299,0.00688662,13.8396045,11.13089981,0.691897436,0.691897436
0,0.112766296,0.028718613,0.286082238,0.059280649,0.227705029,0.007703012,13.65294362,9.814057851,0.670597083,0.670597083
0,0.157825932,0.162395895,0.400396198,0.435402244,0.315428921,0.283575412,12.88941239,23.62370747,0.690734868,0.690734868
0,0.074023873,0.120272405,0.187794715,0.255179226,0.128138559,0.007025804,9.93718413,18.91856355,0.757902855,0.757902855
0,0.229041561,0.087220423,0.58106643,0.248386651,0.400202394,0.277615077,14.83699512,14.25660648,0.669643493,0.669643493
0,0.114807181,0.074216396,0.291259795,0.126799196,0.136286855,0.247187866,11.25813161,11.7578099,0.678965117,0.678965117
0,0.061938662,0.033914499,0.157135159,0.062077735,0.010391973,0.006144912,9.589887271,14.71616513,0.77928702,0.77928702
0,0.071885549,0.05604415,0.182369888,0.082859293,0.133924834,0.008746261,9.068360343,9.687704497,0.69980657,0.69980657
1,0.130299434,0.126092762,0.33056283,0.276753724,0.201627878,0.190423765,11.48305425,16.77919225,0.665858994,0.665858994
0,0.076113574,0.093215503,0.193096176,0.182146057,0.014705654,0.418467853,8.379766762,7.930560614,0.680440312,0.680440312
0,0.050716244,0.089397036,0.128664523,0.141992241,0.012651852,0.38284346,7.912777265,9.36652192,0.687453185,0.687453185
0,0.046592895,0.01146487,0.118203752,0.027065698,0.36788475,0.007757845,7.48955605,5.077115199,0.700249585,0.700249585
0,0.047060277,0.012376446,0.119389482,0.019332172,0.047902467,0.007158325,8.082232413,5.394864552,0.679335306,0.679335306
0,0.040375579,0.011639141,0.102430753,0.033550777,0.177995319,0.008082258,6.801489641,4.347061866,0.679256023,0.679256023
0,0.157757968,0.03946121,0.400223702,0.095437177,0.139421015,0.009640969,10.45210186,7.33097257,0.69311844,0.69311844
0,0.020654591,0.009223618,0.052399617,0.020341933,0.011868822,0.007739186,6.397360916,3.760273243,0.694414162,0.694414162
0,0.010140087,0.005472006,0.017803004,0.007721816,0.009578482,0.288969993,3.340964992,2.195009631,0.708065676,0.708065676
0,0.062099665,0.012544381,0.109028704,0.01674992,0.009511487,0.371536753,7.977293733,4.354137766,0.704182833,0.704182833
0,0.007692045,0.012557148,0.013504938,0.017743178,0.010384559,0.112356152,2.495615967,3.113973776,0.680018983,0.680018983
0,0.033810008,0.006760277,0.0593604,0.01026618,0.00935686,0.197592035,5.057194401,2.195009631,0.748085696,0.748085696
0,0.052530937,0.008844749,0.092228852,0.012097232,0.092187356,0.153594321,7.554946681,4.354137766,0.727988031,0.727988031
0,0.007491958,0.009965995,0.013153648,0.01447348,0.010344944,0.089542636,3.868018703,3.771475564,0.676288277,0.676288277
0,0.084874623,0.040143702,0.149014816,0.081183828,0.141725817,0.008444799,8.415568179,2.206325176,0.686998215,0.686998215
0,0.047806125,0.04083069,0.08393345,0.072523594,0.009031978,0.240769973,7.596366144,6.865806436,0.807792023,0.807792023
0,0.03809613,0.035691388,0.066885576,0.05021226,0.008545042,0.21764108,7.274854142,8.442272369,0.799728971,0.799728971
0,0.011160807,0.021261832,0.019595074,0.04182424,0.010384514,0.071563982,5.833030692,4.708573542,0.681858965,0.681858965
0,0.055617139,0.046143293,0.097647302,0.082827844,0.009622667,0.285458307,8.9760492,7.89312742,0.675240647,0.675240647
0,0.059197839,0.049887139,0.103933968,0.07839182,0.009623814,0.273133947,9.308235873,8.766967451,0.669297583,0.669297583
0,0.012808916,0.023349397,0.022488665,0.042250291,0.010476264,0.072758927,5.910573036,4.708573542,0.671689097,0.671689097
0,0.387940228,0.289358795,0.681108713,0.598294616,0.433962385,0.33589147,28.78802259,33.88745113,0.718330229,0.718330229
0,0.383546114,0.353271484,0.673393965,0.550572574,0.060976398,0.335703531,23.4583671,34.25367723,0.708360609,0.708360609
0,0.43271479,0.292597055,0.759719551,0.603975892,0.201997726,0.307738981,23.38165594,32.71616938,0.666991122,0.666991122
0,0.086225823,0.039613195,0.15138711,0.106207594,0.277729723,0.213185924,10.80290289,9.803930852,0.725118844,0.725118844
0,0.079388574,0.135362208,0.139382973,0.287194878,0.236761026,0.230816304,11.55336861,13.68356276,0.800381291,0.800381291
0,0.230397046,0.063226826,0.404509306,0.18005766,0.011008273,0.008263945,18.95652974,14.20349854,0.666415587,0.666415587
0,0.066283301,0.03982323,0.116373941,0.068038255,0.009969619,0.146083519,8.958061388,8.998112119,0.699141595,0.699141595
0,0.077049263,0.051701654,0.135275781,0.094635658,0.008870396,0.108361958,10.47025908,18.18832824,0.815620159,0.815620159
1,0.348666698,0.466080993,0.612155855,0.689084291,0.160086077,0.258567656,16.10165521,31.3224307,0.652930523,0.652930523
0,0.085596077,0.095062628,0.150281474,0.20864749,0.01042511,0.185097869,11.38990179,11.1811323,0.67963412,0.67963412
0,0.039930277,0.070959777,0.070105813,0.138657644,0.013177425,0.01244981,6.484597468,7.324579669,0.67762209,0.67762209
0,0.024370341,0.045064837,0.042787168,0.071577974,0.011126797,0.263916575,6.046210324,7.158515059,0.678257146,0.678257146
0,0.196480632,0.196735144,0.34496212,0.46444267,0.340612777,0.265948547,16.47677346,19.38749504,0.704922931,0.704922931
0,0.061033133,0.033934113,0.107156187,0.05300555,0.040749978,0.211328209,9.682406853,7.711356826,0.683854648,0.683854648
0,0.035062239,0.02675567,0.061558943,0.077125385,0.149190375,0.2106951,7.885813078,5.777842203,0.681821016,0.681821016
0,0.256962001,0.229728028,0.451149553,0.555598676,0.20060373,0.380500048,23.94420294,16.57670171,0.701676902,0.701676902
0,0.155646399,0.232954904,0.273269147,0.513763249,0.010344974,0.37971232,16.33907725,20.77195365,0.647294544,0.647294544
0,0.046231661,0.028777773,0.081652761,0.040609699,0.006721488,0.093784175,9.132830842,13.22943766,0.692230843,0.692230843
0,0.036156919,0.024001155,0.063859083,0.032047603,0.006654687,0.091370976,8.86877658,11.2096681,0.686733057,0.686733057
0,0.009836755,0.016412286,0.017373327,0.023190461,0.007525245,0.079965521,4.941910302,5.187129633,0.749305472,0.749305472
0,0.088017978,0.031786267,0.155454338,0.048270799,0.006500503,0.099279212,13.30215563,13.56365544,0.669143465,0.669143465
0,0.035159126,0.019309107,0.062096842,0.026409678,0.00638856,0.084831679,9.28422859,12.21714241,0.67552486,0.67552486
0,0.015666422,0.019924272,0.027669482,0.02893577,0.007485744,0.078531085,7.452628947,6.913780631,0.810642351,0.810642351
0,0.107812546,0.074216582,0.190414831,0.150090456,0.172495646,0.170285479,15.11528314,7.445503108,0.691565501,0.691565501
0,0.268298298,0.329025298,0.473859161,0.584415853,0.006176555,0.215188899,25.75476973,51.43068361,0.651025924,0.651025924
0,0.35951072,0.338061213,0.634955645,0.475599676,0.005691018,0.179478497,29.34240202,71.52660791,0.641971657,0.641971657
0,0.24633576,0.247737706,0.435069799,0.487325549,0.0075252,0.141081176,17.44215482,25.31070224,0.819522206,0.819522206
0,0.261800617,0.224106535,0.46238336,0.40227434,0.006765546,0.207580322,30.11670117,41.15251536,0.646957373,0.646957373
0,0.299706638,0.296593517,0.529331625,0.466062158,0.313295325,0.228115231,30.41303546,48.4281071,0.600410509,0.600410509
0,0.159998313,0.204059571,0.282583505,0.369241774,0.007616686,0.155484313,18.49421941,27.03719121,0.740215555,0.740215555
0,0.311281562,0.15664579,0.549774885,0.323889732,0.435872507,0.115993248,31.26469247,26.02822532,0.645188931,0.645188931
0,0.06115973,0.038988918,0.108018234,0.060764126,0.006719902,0.081450962,16.36786691,12.08609409,0.679642069,0.679642069
0,0.069555365,0.031562235,0.122846305,0.06515047,0.007177111,0.103903103,17.11618554,12.08609409,0.717667838,0.717667838
0,0.071864747,0.06558463,0.126925021,0.175840035,0.006537521,0.085266825,15.22899215,18.43584817,0.67741234,0.67741234
0,0.136893287,0.13421379,0.241776258,0.284758329,0.115018283,0.094412575,20.08200017,21.23966018,0.676180364,0.676180364
0,0.129991025,0.079990774,0.229585722,0.227798104,0.008147161,0.099571045,15.80077074,14.91922979,0.732776062,0.732776062
0,0.129016221,0.080757864,0.227864042,0.137975395,0.0071115,0.119755951,21.32360562,15.18289335,0.678237712,0.678237712
1,0.32361719,0.332036972,0.571561754,0.607766569,0.006015438,0.285666238,29.00752979,77.04766173,0.63975679,0.63975679
0,0.088552654,0.065758333,0.156398654,0.097221382,0.152729187,0.006864412,15.23212393,11.68786022,0.813757394,0.813757394
0,0.107971855,0.060044628,0.190696135,0.131788537,0.235555272,0.007007578,18.56838445,14.43450052,0.6958588,0.6958588
0,0.04827724,0.048466392,0.085265592,0.094704829,0.010310042,0.010731195,11.04299343,7.108153448,0.755913784,0.755913784
0,0.064611562,0.086424485,0.114114702,0.137270883,0.008265343,0.101621636,13.53727087,10.84179558,0.785312532,0.785312532
0,0.058148131,0.051683698,0.102699198,0.122012332,0.121703952,0.087979012,11.87805869,9.699532992,0.674177454,0.674177454
0,0.284392953,0.215552852,0.502285242,0.336696565,0.045272023,0.09807173,16.33167089,28.0351291,0.683420712,0.683420712
0,0.178346083,0.194561481,0.314988822,0.560839534,0.182175849,0.199184353,18.18660351,25.43565312,0.675085776,0.675085776
0,0.09055268,0.067120418,0.159931049,0.162331134,0.008090734,0.130698268,11.43065407,9.959264495,0.677511984,0.677511984
0,0.070900403,0.09264084,0.125221863,0.204311848,0.007485774,0.085125261,11.90226787,13.04177327,0.784854562,0.784854562
0,0.01931569,0.072248466,0.032210335,0.101953298,0.007649078,0.190777979,5.902237752,9.384388992,0.686345277,0.686345277
0,0.019524107,0.030119892,0.032557905,0.040217664,0.007582214,0.113436868,4.601770361,7.784843582,0.694837175,0.694837175
0,0.03428841,0.060561866,0.057178471,0.085573591,0.008453588,0.16229483,6.123926261,9.551859454,0.669347105,0.669347105
0,0.018534802,0.066227786,0.030908136,0.10057383,0.007427887,0.23202699,5.62247513,9.384388992,0.723904159,0.723904159
0,0.016515704,0.021236829,0.027541172,0.029046291,0.007315839,0.178768231,4.365307728,7.784843582,0.713659027,0.713659027
0,0.058325127,0.081492811,0.097261421,0.118350953,0.008414049,0.214110993,8.879515402,15.50643051,0.667550595,0.667550595
0,0.059834477,0.023092577,0.099778414,0.046700835,0.138886887,0.175228644,5.662586687,3.678622728,0.684432725,0.684432725
0,0.22914733,0.316393584,0.382120162,0.561979234,0.007103636,0.3018217,16.12649357,40.63364498,0.746578155,0.746578155
0,0.415180445,0.34955129,0.692344069,0.491764635,0.158460155,0.277401912,23.8878123,60.69963361,0.712719013,0.712719013
0,0.29227376,0.296638906,0.487388045,0.58351934,0.008453542,0.300071581,13.88919283,27.80374139,0.665211798,0.665211798
0,0.188860029,0.234932065,0.314938039,0.421706259,0.231164796,0.32179707,19.09962847,34.67937895,0.61270922,0.61270922
0,0.162221372,0.215360075,0.270516068,0.338413268,0.007694323,0.283820302,17.16016513,35.34848755,0.613787684,0.613787684
0,0.140937269,0.233100459,0.23502329,0.421790659,0.008545114,0.316212346,16.24244882,28.81461699,0.642758092,0.642758092
0,0.199179098,0.215296209,0.33214581,0.445158541,0.007374609,0.261165298,15.09519701,29.83732556,0.709681372,0.709681372
0,0.040728923,0.077764504,0.067918465,0.121195756,0.007647491,0.209111344,9.231253351,18.12778727,0.698862019,0.698862019
0,0.03933676,0.062988944,0.065596975,0.13002117,0.008105128,0.246681534,8.269538831,16.48926387,0.671967091,0.671967091
0,0.029625839,0.089215681,0.049403273,0.239197612,0.007464939,0.172651245,6.23214686,15.81557881,0.709400515,0.709400515
0,0.105534442,0.226723477,0.175986454,0.48103404,0.00710122,0.299652014,11.65432562,21.71376946,0.765615696,0.765615696
0,0.133062527,0.104693055,0.221891597,0.298145354,0.211797557,0.199782687,11.76505952,19.14182601,0.654444468,0.654444468
0,0.092176549,0.157020628,0.153711185,0.268270791,0.106508006,0.193738904,13.84049222,18.46079125,0.672127408,0.672127408
1,0.408776671,0.449705124,0.68166548,0.823148608,0.174187963,0.385595442,28.64531024,89.93406017,0.727691459,0.727691459
0,0.130703107,0.191634431,0.21795702,0.283324659,0.168005453,0.358733034,16.7541726,18.43547638,0.662583013,0.662583013
0,0.148925439,0.338310301,0.248344168,0.742537856,0.260668446,0.319663675,15.83538989,23.77368349,0.652088662,0.652088662
0,0.051585991,0.322566748,0.086023442,0.630305588,0.011240999,0.319328921,9.828604476,14.75494246,0.671983861,0.671983861
0,0.04059488,0.148934051,0.067694992,0.236556858,0.009194379,0.183532735,10.00780797,13.90858372,0.670028653,0.670028653
0,0.095804639,0.244600669,0.15976131,0.577441216,0.183858357,0.293708502,14.78856881,24.07816871,0.685848899,0.685848899
0,0.344454706,0.412048191,0.574403465,0.643625021,0.31352867,0.342893731,17.39747928,41.67178499,0.651473508,0.651473508
0,0.105722882,0.185194373,0.17630069,0.533837974,0.146292561,0.282231187,14.48561301,22.25470338,0.658155109,0.658155109
0,0.073600277,0.190864369,0.122733891,0.461606622,0.009019606,0.27950304,12.04197153,14.51641342,0.693499906,0.693499906
0,0.090700507,0.236512229,0.151249796,0.521608531,0.008414079,0.278024293,14.26929958,23.72311188,0.653921842,0.653921842
